"","Date","DateTS","Confirmed_Count","Confirmed_New","Recovered_Count","Recovered_New","Deaths_Count","Deaths_New","Active_Count"
"1","2020-03-13",1584072000,2,2,0,0,0,0,2
"2","2020-03-14",1584158400,10,8,0,0,0,0,10
"3","2020-03-15",1584244800,17,7,0,0,0,0,17
"4","2020-03-16",1584331200,33,16,0,0,0,0,33
"5","2020-03-17",1584417600,36,3,0,0,0,0,36
"6","2020-03-18",1584504000,41,5,0,0,0,0,41
"7","2020-03-19",1584590400,43,2,0,0,0,0,43
"8","2020-03-20",1584676800,70,27,0,0,0,0,70
"9","2020-03-21",1584763200,73,3,15,15,0,0,58
"10","2020-03-22",1584849600,77,4,15,0,0,0,62
"11","2020-03-23",1584936000,84,7,15,0,0,0,69
"12","2020-03-24",1585022400,91,7,15,0,0,0,76
"13","2020-03-25",1585108800,106,15,15,0,0,0,91
"14","2020-03-26",1585195200,107,1,31,16,1,1,75
"15","2020-03-27",1585281600,113,6,39,8,2,1,72
"16","2020-03-28",1585368000,119,6,39,0,2,0,78
"17","2020-03-29",1585454400,129,10,39,0,3,1,87
"18","2020-03-30",1585540800,135,6,39,0,3,0,93
"19","2020-03-31",1585627200,143,8,41,2,3,0,99
"20","2020-04-01",1585713600,144,1,43,2,3,0,98
"21","2020-04-02",1585800000,146,2,43,0,5,2,98
"22","2020-04-03",1585886400,153,7,52,9,7,2,94
"23","2020-04-04",1585972800,155,2,52,0,7,0,96
"24","2020-04-05",1586059200,159,4,52,0,7,0,100
"25","2020-04-06",1586145600,165,6,65,13,7,0,93
"26","2020-04-07",1586232000,166,1,65,0,7,0,94
"27","2020-04-08",1586318400,167,1,65,0,9,2,93
"28","2020-04-09",1586404800,171,4,84,19,9,0,78
"29","2020-04-10",1586491200,175,4,84,0,9,0,82
"30","2020-04-11",1586577600,175,0,93,9,9,0,73
"31","2020-04-12",1586664000,181,6,93,0,9,0,79
"32","2020-04-13",1586750400,189,8,110,17,9,0,70
"33","2020-04-14",1586836800,193,4,111,1,9,0,73
"34","2020-04-15",1586923200,197,4,111,0,9,0,77
"35","2020-04-16",1587009600,204,7,111,0,9,0,84
"36","2020-04-17",1587096000,227,23,113,2,9,0,105
"37","2020-04-18",1587182400,227,0,117,4,9,0,101
"38","2020-04-19",1587268800,256,29,117,0,9,0,130
"39","2020-04-20",1587355200,285,29,117,0,10,1,158
"40","2020-04-21",1587441600,288,3,122,5,10,0,156
"41","2020-04-22",1587528000,298,10,122,0,10,0,166
"42","2020-04-23",1587614400,311,13,126,4,10,0,175
"43","2020-04-24",1587700800,318,7,128,2,10,0,180
"44","2020-04-25",1587787200,323,5,132,4,10,0,181
"45","2020-04-26",1587873600,325,2,137,5,10,0,178
"46","2020-04-27",1587960000,329,4,142,5,10,0,177
"47","2020-04-28",1588046400,329,0,142,0,10,0,177
"48","2020-04-29",1588132800,331,2,142,0,10,0,179
"49","2020-04-30",1588219200,333,2,142,0,10,0,181
"50","2020-05-01",1588305600,335,2,148,6,10,0,177
"51","2020-05-02",1588392000,345,10,148,0,10,0,187
"52","2020-05-03",1588478400,357,12,158,10,10,0,189
"53","2020-05-04",1588564800,361,4,161,3,10,0,190
"54","2020-05-05",1588651200,367,6,164,3,10,0,193
"55","2020-05-06",1588737600,379,12,176,12,10,0,193
"56","2020-05-07",1588824000,381,2,185,9,10,0,186
"57","2020-05-08",1588910400,388,7,190,5,10,0,188
"58","2020-05-09",1588996800,402,14,190,0,10,0,202
"59","2020-05-10",1589083200,414,12,193,3,10,0,211
"60","2020-05-11",1589169600,422,8,205,12,10,0,207
"61","2020-05-12",1589256000,423,1,220,15,10,0,193
"62","2020-05-13",1589342400,440,17,220,0,10,0,210
"63","2020-05-14",1589428800,455,15,223,3,10,0,222
"64","2020-05-15",1589515200,459,4,229,6,10,0,220
"65","2020-05-16",1589601600,504,45,241,12,10,0,253
"66","2020-05-17",1589688000,541,37,241,0,10,0,290
"67","2020-05-18",1589774400,618,77,241,0,10,0,367
"68","2020-05-19",1589860800,749,131,253,12,10,0,486
"69","2020-05-20",1589947200,824,75,253,0,10,0,561
"70","2020-05-21",1590033600,882,58,262,9,10,0,610
"71","2020-05-22",1590120000,944,62,262,0,10,0,672
"72","2020-05-23",1590206400,1010,66,262,0,10,0,738
"73","2020-05-24",1590292800,1121,111,262,0,10,0,849
"74","2020-05-25",1590379200,1177,56,302,40,10,0,865
"75","2020-05-26",1590465600,1211,34,302,0,11,1,898
"76","2020-05-27",1590552000,1245,34,302,0,11,0,932
"77","2020-05-28",1590638400,1327,82,302,0,11,0,1014
"78","2020-05-29",1590724800,1370,43,302,0,14,3,1054
"79","2020-05-30",1590811200,1459,89,311,9,14,0,1134
"80","2020-05-31",1590897600,1510,51,311,0,14,0,1185
"81","2020-06-01",1590984000,1663,153,311,0,17,3,1335
"82","2020-06-02",1591070400,1819,156,334,23,18,1,1467
"83","2020-06-03",1591156800,1952,133,385,51,20,2,1547
"84","2020-06-04",1591243200,2087,135,385,0,20,0,1682
"85","2020-06-05",1591329600,2145,58,385,0,20,0,1740
"86","2020-06-06",1591416000,2316,171,385,0,22,2,1909
"87","2020-06-07",1591502400,2377,61,430,45,22,0,1925
"88","2020-06-08",1591588800,2473,96,487,57,22,0,1964
"89","2020-06-09",1591675200,2632,159,487,0,23,1,2122
"90","2020-06-10",1591761600,2738,106,487,0,23,0,2228
"91","2020-06-11",1591848000,2814,76,487,0,23,0,2304
"92","2020-06-12",1591934400,2879,65,487,0,23,0,2369
"93","2020-06-13",1592020800,2904,25,715,228,24,1,2165
"94","2020-06-14",1592107200,2978,74,835,120,25,1,2118
"95","2020-06-15",1592193600,3062,84,835,0,26,1,2201
"96","2020-06-16",1592280000,3150,88,835,0,27,1,2288
"97","2020-06-17",1592366400,3386,236,835,0,28,1,2523
"98","2020-06-18",1592452800,3484,98,835,0,28,0,2621
"99","2020-06-19",1592539200,3591,107,835,0,30,2,2726
"100","2020-06-20",1592625600,3790,199,835,0,33,3,2922
"101","2020-06-21",1592712000,3918,128,835,0,33,0,3050
"102","2020-06-22",1592798400,4048,130,1327,492,35,2,2686
"103","2020-06-23",1592884800,4186,138,1327,0,35,0,2824
"104","2020-06-24",1592971200,4365,179,1327,0,38,3,3000
"105","2020-06-25",1593057600,4563,198,1327,0,39,1,3197
"106","2020-06-26",1593144000,4779,216,1327,0,41,2,3411
"107","2020-06-27",1593230400,5130,351,1649,322,42,1,3439
"108","2020-06-28",1593316800,5297,167,1649,0,44,2,3604
"109","2020-06-29",1593403200,5530,233,1649,0,48,4,3833
"110","2020-06-30",1593489600,5832,302,1649,0,51,3,4132
"111","2020-07-01",1593576000,6062,230,1649,0,54,3,4359
"112","2020-07-02",1593662400,6273,211,2100,451,57,3,4116
"113","2020-07-03",1593748800,6537,264,2100,0,59,2,4378
"114","2020-07-04",1593835200,6750,213,2100,0,62,3,4588
"115","2020-07-05",1593921600,7169,419,2100,0,65,3,5004
"116","2020-07-06",1594008000,7411,242,2100,0,68,3,5243
"117","2020-07-07",1594094400,7693,282,2100,0,71,3,5522
"118","2020-07-08",1594180800,8010,317,2544,444,75,4,5391
"119","2020-07-09",1594267200,8372,362,2544,0,80,5,5748
"120","2020-07-10",1594353600,8803,431,2671,127,83,3,6049
"121","2020-07-11",1594440000,9178,375,2671,0,85,2,6422
"122","2020-07-12",1594526400,9465,287,2671,0,89,4,6705
"123","2020-07-13",1594612800,9707,242,2671,0,93,4,6943
"124","2020-07-14",1594699200,10010,303,3050,379,96,3,6864
"125","2020-07-15",1594785600,10428,418,3050,0,100,4,7278
"126","2020-07-16",1594872000,10854,426,3255,205,104,4,7495
"127","2020-07-17",1594958400,11191,337,3852,597,107,3,7232
"128","2020-07-18",1595044800,11483,292,3972,120,110,3,7401
"129","2020-07-19",1595131200,11891,408,6073,2101,112,2,5706
"130","2020-07-20",1595217600,12334,443,6728,655,116,4,5490
"131","2020-07-21",1595304000,12774,440,6983,255,120,4,5671
"132","2020-07-22",1595390400,13164,390,7471,488,124,4,5569
"133","2020-07-23",1595476800,13613,449,7752,281,129,5,5732
"134","2020-07-24",1595563200,14263,650,8127,375,134,5,6002
"135","2020-07-25",1595649600,14929,666,8795,668,138,4,5996
"136","2020-07-26",1595736000,15463,534,9746,951,142,4,5575
"137","2020-07-27",1595822400,15988,525,9959,213,146,4,5883
"138","2020-07-28",1595908800,16571,583,10195,236,151,5,6225
"139","2020-07-29",1595995200,17158,587,10421,226,154,3,6583
"140","2020-07-30",1596081600,17859,701,10666,245,158,4,7035
"141","2020-07-31",1596168000,18574,715,10837,171,164,6,7573
"142","2020-08-01",1596254400,19443,869,11129,292,169,5,8145
"143","2020-08-02",1596340800,20206,763,11404,275,174,5,8628
"144","2020-08-03",1596427200,20754,548,11622,218,180,6,8952
"145","2020-08-04",1596513600,21438,684,11875,253,187,7,9376
"146","2020-08-05",1596600000,22299,861,12146,271,195,8,9958
"147","2020-08-06",1596686400,23280,981,12470,324,202,7,10608
"148","2020-08-07",1596772800,24166,886,12960,490,208,6,10998
"149","2020-08-08",1596859200,24961,795,13356,396,215,7,11390
"150","2020-08-09",1596945600,25805,844,14224,868,223,8,11358
"151","2020-08-10",1597032000,26800,995,16930,2706,229,6,9641
"152","2020-08-11",1597118400,27938,1138,19706,2776,238,9,7994
"153","2020-08-12",1597204800,29088,1150,21042,1336,247,9,7799
"154","2020-08-13",1597291200,30369,1281,21385,343,259,12,8725
"155","2020-08-14",1597377600,31381,1012,21580,195,266,7,9535
"156","2020-08-15",1597464000,32607,1226,21747,167,276,10,10584
"157","2020-08-16",1597550400,33755,1148,22700,953,281,5,10774
"158","2020-08-17",1597636800,34802,1047,23575,875,288,7,10939
"159","2020-08-18",1597723200,35697,895,24561,986,297,9,10839
"160","2020-08-19",1597809600,36868,1171,25416,855,303,6,11149
"161","2020-08-20",1597896000,37567,699,26330,914,311,8,10926
"162","2020-08-21",1597982400,38188,621,27306,976,317,6,10565
"163","2020-08-22",1598068800,38957,769,28453,1147,323,6,10181
"164","2020-08-23",1598155200,39564,607,29966,1513,329,6,9269
"165","2020-08-24",1598241600,40338,774,31080,1114,337,8,8921
"166","2020-08-25",1598328000,41158,820,32015,935,343,6,8800
"167","2020-08-26",1598414400,41965,807,32931,916,351,8,8683
"168","2020-08-27",1598500800,42898,933,34147,1216,358,7,8393
"169","2020-08-28",1598587200,43879,981,34970,823,366,8,8543
"170","2020-08-29",1598673600,44946,1067,36175,1205,375,9,8396
"171","2020-08-30",1598760000,45868,922,37091,916,381,6,8396
"172","2020-08-31",1598846400,46728,860,38112,1021,386,5,8230
"173","2020-09-01",1598932800,47756,1028,39027,915,391,5,8338
"174","2020-09-02",1599019200,48883,1127,39912,885,398,7,8573
"175","2020-09-03",1599105600,49877,994,40574,662,402,4,8901
"176","2020-09-04",1599192000,50973,1096,41249,675,412,10,9312
"177","2020-09-05",1599278400,52165,1192,42006,757,420,8,9739
"178","2020-09-06",1599364800,53289,1124,42788,782,428,8,10073
"179","2020-09-07",1599451200,54350,1061,43753,965,436,8,10161
"180","2020-09-08",1599537600,55563,1213,44435,682,444,8,10684
"181","2020-09-09",1599624000,56751,1188,45318,883,452,8,10981
"182","2020-09-10",1599710400,57823,1072,46125,807,460,8,11238
"183","2020-09-11",1599796800,58663,840,46960,835,468,8,11235
"184","2020-09-12",1599883200,59630,967,47729,769,477,9,11424
"185","2020-09-13",1599969600,60540,910,48644,915,485,8,11411
"186","2020-09-14",1600056000,61569,1029,49371,727,494,9,11704
"187","2020-09-15",1600142400,62655,1086,50361,990,502,8,11792
"188","2020-09-16",1600228800,63416,761,51274,913,511,9,11631
"189","2020-09-17",1600315200,64284,868,52564,1290,520,9,11200
"190","2020-09-18",1600401600,65174,890,54218,1654,530,10,10426
"191","2020-09-19",1600488000,65949,775,55155,937,539,9,10255
"192","2020-09-20",1600574400,66656,707,56096,941,547,8,10013
"193","2020-09-21",1600660800,67443,787,56726,630,555,8,10162
"194","2020-09-22",1600747200,68453,1010,57774,1048,564,9,10115
"195","2020-09-23",1600833600,69439,986,58759,985,574,10,10106
"196","2020-09-24",1600920000,70406,967,59745,986,581,7,10080
"197","2020-09-25",1601006400,71273,867,60709,964,591,10,9973
"198","2020-09-26",1601092800,71940,667,61528,819,600,9,9812
"199","2020-09-27",1601179200,72691,751,62427,899,606,6,9658
"200","2020-09-28",1601265600,73528,837,63346,919,614,8,9568
"201","2020-09-29",1601352000,74363,835,64200,854,621,7,9542
"202","2020-09-30",1601438400,75122,759,65225,1025,628,7,9269
"203","2020-10-01",1601524800,76029,907,66245,1020,635,7,9149
"204","2020-10-02",1601611200,76820,791,67216,971,643,8,8961
"205","2020-10-03",1601697600,77646,826,68098,882,649,6,8899
"206","2020-10-04",1601784000,78434,788,68917,819,653,4,8864
"207","2020-10-05",1601870400,79117,683,69832,915,658,5,8627
"208","2020-10-06",1601956800,79796,679,70719,887,665,7,8412
"209","2020-10-07",1602043200,80404,608,71531,812,671,6,8202
"210","2020-10-08",1602129600,81019,615,72196,665,678,7,8145
"211","2020-10-09",1602216000,81696,677,73020,824,684,6,7992
"212","2020-10-10",1602302400,82453,757,73919,899,691,7,7843
"213","2020-10-11",1602388800,83137,684,74664,745,697,6,7776
"214","2020-10-12",1602475200,83756,619,75400,736,704,7,7652
"215","2020-10-13",1602561600,84391,635,76262,862,710,6,7419
"216","2020-10-14",1602648000,85005,614,76886,624,714,4,7405
"217","2020-10-15",1602734400,85469,464,77689,803,720,6,7060
"218","2020-10-16",1602820800,85758,289,78294,605,725,5,6739
"219","2020-10-17",1602907200,86289,531,78847,553,731,6,6711
"220","2020-10-18",1602993600,86636,347,79694,847,736,5,6206
"221","2020-10-19",1603080000,87161,525,80316,622,741,5,6104
"222","2020-10-20",1603166400,87644,483,80963,647,747,6,5934
"223","2020-10-21",1603252800,88035,391,81626,663,753,6,5656
"224","2020-10-22",1603339200,88416,381,82284,658,759,6,5373
"225","2020-10-23",1603425600,88718,302,82899,615,764,5,5055
"226","2020-10-24",1603512000,89142,424,83443,544,770,6,4929
"227","2020-10-25",1603598400,89565,423,83947,504,773,3,4845
"228","2020-10-26",1603684800,90047,482,84444,497,777,4,4826
"229","2020-10-27",1603771200,90400,353,84907,463,780,3,4713
"230","2020-10-28",1603857600,90876,476,85402,495,784,4,4690
"231","2020-10-29",1603944000,91280,404,85897,495,789,5,4594
"232","2020-10-30",1604030400,91589,309,86335,438,793,4,4461
"233","2020-10-31",1604116800,92013,424,86773,438,798,5,4442
"234","2020-11-01",1604203200,92325,312,87156,383,801,3,4368
"235","2020-11-02",1604289600,92705,380,87547,391,805,4,4353
"236","2020-11-03",1604376000,93100,395,87941,394,810,5,4349
"237","2020-11-04",1604462400,93480,380,88326,385,814,4,4340
"238","2020-11-05",1604548800,93921,441,88701,375,819,5,4401
"239","2020-11-06",1604635200,94305,384,89099,398,821,2,4385
"240","2020-11-07",1604721600,94698,393,89502,403,824,3,4372
"241","2020-11-08",1604808000,94883,185,89755,253,826,2,4302
"242","2020-11-09",1604894400,95149,266,90054,299,830,4,4265
"243","2020-11-10",1604980800,95445,296,90359,305,834,4,4252
"244","2020-11-11",1605067200,95750,305,90743,384,838,4,4169
"245","2020-11-12",1605153600,96140,390,91141,398,841,3,4158
"246","2020-11-13",1605240000,96441,301,91452,311,844,3,4145
"247","2020-11-14",1605326400,96933,492,91948,496,848,4,4137
"248","2020-11-15",1605412800,97352,419,92373,425,851,3,4128
"249","2020-11-16",1605499200,97739,387,92767,394,855,4,4117
"250","2020-11-17",1605585600,98050,311,93084,317,858,3,4108
"251","2020-11-18",1605672000,98350,300,93390,306,860,2,4100
"252","2020-11-19",1605758400,98665,315,93691,301,863,3,4111
"253","2020-11-20",1605844800,99017,352,94046,355,866,3,4105
"254","2020-11-21",1605931200,99435,418,94355,309,869,3,4211
"255","2020-11-22",1606017600,99835,400,94658,303,871,2,4306
"256","2020-11-23",1606104000,100143,308,94985,327,873,2,4285
"257","2020-11-24",1606190400,100498,355,95344,359,876,3,4278
"258","2020-11-25",1606276800,100817,319,95669,325,880,4,4268
"259","2020-11-26",1606363200,101215,398,96072,403,884,4,4259
"260","2020-11-27",1606449600,101524,309,96402,330,888,4,4234
"261","2020-11-28",1606536000,101760,236,96652,250,892,4,4216
"262","2020-11-29",1606622400,102040,280,96956,304,894,2,4190
"263","2020-11-30",1606708800,102394,354,97326,370,897,3,4171
"264","2020-12-01",1606795200,102621,227,97562,236,901,4,4158
"265","2020-12-02",1606881600,103067,446,98030,468,905,4,4132
"266","2020-12-03",1606968000,103548,481,98521,491,909,4,4118
"267","2020-12-04",1607054400,103877,329,98879,358,913,4,4085
"268","2020-12-05",1607140800,104177,300,99194,315,916,3,4067
"269","2020-12-06",1607227200,104442,265,99494,300,919,3,4029
"270","2020-12-07",1607313600,104904,462,99982,488,924,5,3998
"271","2020-12-08",1607400000,105384,480,100476,494,928,4,3980
"272","2020-12-09",1607486400,105852,468,100952,476,933,5,3967
"273","2020-12-10",1607572800,106280,428,101384,432,938,5,3958
"274","2020-12-11",1607659200,106715,435,101823,439,944,6,3948
"275","2020-12-12",1607745600,107177,462,102289,466,949,5,3939
"276","2020-12-13",1607832000,107786,609,102806,517,954,5,4026
"277","2020-12-14",1607918400,108125,339,103037,231,960,6,4128
"278","2020-12-15",1608004800,108480,355,103271,234,965,5,4244
"279","2020-12-16",1608091200,108717,237,103492,221,970,5,4255
"280","2020-12-17",1608177600,109081,364,103741,249,975,5,4365
"281","2020-12-18",1608264000,109395,314,103975,234,979,4,4441
"282","2020-12-19",1608350400,109781,386,104208,233,984,5,4589
"283","2020-12-20",1608436800,110075,294,104462,254,988,4,4625
"284","2020-12-21",1608523200,110513,438,104799,337,993,5,4721
"285","2020-12-22",1608609600,110828,315,105029,230,997,4,4802
"286","2020-12-23",1608696000,111024,196,105249,220,1002,5,4773
"287","2020-12-24",1608782400,111245,221,105479,230,1006,4,4760
"288","2020-12-25",1608868800,111603,358,105804,325,1010,4,4789
"289","2020-12-26",1608955200,111951,348,106105,301,1013,3,4833
"290","2020-12-27",1609041600,112316,365,106453,348,1014,1,4849
"291","2020-12-28",1609128000,112636,320,106737,284,1018,4,4881
"292","2020-12-29",1609214400,112861,225,106958,221,1021,3,4882
"293","2020-12-30",1609300800,113121,260,107203,245,1025,4,4893
"294","2020-12-31",1609387200,113562,441,107583,380,1028,3,4951
"295","2021-01-01",1609473600,113884,322,107901,318,1030,2,4953
"296","2021-01-02",1609560000,114083,199,108086,185,1032,2,4965
"297","2021-01-03",1609646400,114230,147,108268,182,1034,2,4928
"298","2021-01-04",1609732800,114407,177,108468,200,1038,4,4901
"299","2021-01-05",1609819200,114662,255,108732,264,1042,4,4888
"300","2021-01-06",1609905600,114908,246,108966,234,1047,5,4895
"301","2021-01-07",1609992000,115322,414,109364,398,1052,5,4906
"302","2021-01-08",1610078400,115667,345,109684,320,1056,4,4927
"303","2021-01-09",1610164800,116172,505,110126,442,1061,5,4985
"304","2021-01-10",1610251200,116610,438,110553,427,1067,6,4990
"305","2021-01-11",1610337600,116983,373,110873,320,1073,6,5037
"306","2021-01-12",1610424000,117299,316,111175,302,1078,5,5046
"307","2021-01-13",1610510400,117811,512,111616,441,1084,6,5111
"308","2021-01-14",1610596800,118415,604,111999,383,1090,6,5326
"309","2021-01-15",1610683200,118856,441,112320,321,1095,5,5441
"310","2021-01-16",1610769600,119306,450,112622,302,1101,6,5583
"311","2021-01-17",1610856000,119803,497,113002,380,1106,5,5695
"312","2021-01-18",1610942400,120444,641,113328,326,1112,6,6004
"313","2021-01-19",1611028800,121117,673,113652,324,1116,4,6349
"314","2021-01-20",1611115200,121691,574,113982,330,1122,6,6587
"315","2021-01-21",1611201600,122260,569,114299,317,1129,7,6832
"316","2021-01-22",1611288000,122795,535,114925,626,1136,7,6734
"317","2021-01-23",1611374400,123245,450,115426,501,1142,6,6677
"318","2021-01-24",1611460800,123709,464,115932,506,1148,6,6629
"319","2021-01-25",1611547200,124112,403,116365,433,1154,6,6593
"320","2021-01-26",1611633600,124525,413,116785,420,1159,5,6581
"321","2021-01-27",1611720000,124958,433,117115,330,1165,6,6678
"322","2021-01-28",1611806400,125364,406,117447,332,1171,6,6746
"323","2021-01-29",1611892800,125776,412,117867,420,1177,6,6732
"324","2021-01-30",1611979200,126323,547,118385,518,1183,6,6755
"325","2021-01-31",1612065600,126927,604,118887,502,1189,6,6851
"326","2021-02-01",1612152000,127346,419,119291,404,1196,7,6859
"327","2021-02-02",1612238400,127752,406,119677,386,1202,6,6873
"328","2021-02-03",1612324800,128315,563,120204,527,1209,7,6902
"329","2021-02-04",1612411200,128775,460,120644,440,1216,7,6915
"330","2021-02-05",1612497600,129231,456,121094,450,1223,7,6914
"331","2021-02-06",1612584000,129643,412,121569,475,1228,5,6846
"332","2021-02-07",1612670400,130116,473,122081,512,1233,5,6802
"333","2021-02-08",1612756800,130596,480,122531,450,1240,7,6825
"334","2021-02-09",1612843200,131096,500,122991,460,1247,7,6858
"335","2021-02-10",1612929600,131476,380,123411,420,1253,6,6812
"336","2021-02-11",1613016000,131828,352,123811,400,1260,7,6757
"337","2021-02-12",1613102400,132259,431,124253,442,1267,7,6739
"338","2021-02-13",1613188800,132743,484,124734,481,1273,6,6736
"339","2021-02-14",1613275200,133218,475,125179,445,1279,6,6760
"340","2021-02-15",1613361600,133577,359,125565,386,1285,6,6727
"341","2021-02-16",1613448000,133927,350,125924,359,1292,7,6711
"342","2021-02-17",1613534400,134319,392,126342,418,1297,5,6680
"343","2021-02-18",1613620800,134781,462,126792,450,1303,6,6686
"344","2021-02-19",1613707200,135114,333,127143,351,1308,5,6663
"345","2021-02-20",1613793600,135603,489,127598,455,1312,4,6693
"346","2021-02-21",1613880000,136068,465,128088,490,1316,4,6664
"347","2021-02-22",1613966400,136545,477,128579,491,1320,4,6646
"348","2021-02-23",1614052800,136986,441,129027,448,1325,5,6634
"349","2021-02-24",1614139200,137445,459,129487,460,1331,6,6627
"350","2021-02-25",1614225600,137871,426,129927,440,1334,3,6610
"351","2021-02-26",1614312000,138295,424,130379,452,1338,4,6578
"352","2021-02-27",1614398400,138739,444,130739,360,1341,3,6659
"353","2021-02-28",1614484800,139116,377,131215,476,1344,3,6557
"354","2021-03-01",1614571200,139545,429,131647,432,1348,4,6550
"355","2021-03-02",1614657600,139934,389,132052,405,1353,5,6529
"356","2021-03-03",1614744000,140383,449,132503,451,1358,5,6522
"357","2021-03-04",1614830400,140960,577,133034,531,1364,6,6562
"358","2021-03-05",1614916800,141356,396,133454,420,1371,7,6531
"359","2021-03-06",1615003200,141885,529,133934,480,1378,7,6573
"360","2021-03-07",1615089600,142338,453,134394,460,1384,6,6560
"361","2021-03-08",1615176000,142774,436,134839,445,1391,7,6544
"362","2021-03-09",1615262400,143321,547,135389,550,1399,8,6533
"363","2021-03-10",1615348800,143796,475,135869,480,1407,8,6520
"364","2021-03-11",1615435200,144277,481,136269,400,1415,8,6593
"365","2021-03-12",1615521600,144786,509,136710,441,1422,7,6654
"366","2021-03-13",1615608000,145379,593,137141,431,1430,8,6808
"367","2021-03-14",1615694400,145953,574,137565,424,1437,7,6951
"368","2021-03-15",1615780800,146488,535,137948,383,1444,7,7096
"369","2021-03-16",1615867200,147028,540,138411,463,1451,7,7166
"370","2021-03-17",1615953600,147577,549,138841,430,1459,8,7277
"371","2021-03-18",1616040000,148208,631,139314,473,1467,8,7427
"372","2021-03-19",1616126400,149145,937,139731,417,1475,8,7939
"373","2021-03-20",1616212800,150306,1161,140239,508,1483,8,8584
"374","2021-03-21",1616299200,151123,817,140758,519,1493,10,8872
"375","2021-03-22",1616385600,151894,771,141260,502,1502,9,9132
"376","2021-03-23",1616472000,152508,614,141831,571,1511,9,9166
"377","2021-03-24",1616558400,153315,807,142381,550,1521,10,9413
"378","2021-03-25",1616644800,154165,850,142909,528,1532,11,9724
"379","2021-03-26",1616731200,154905,740,143468,559,1543,11,9894
"380","2021-03-27",1616817600,155663,758,144229,761,1555,12,9879
"381","2021-03-28",1616904000,156655,992,145293,1064,1565,10,9797
"382","2021-03-29",1616990400,157943,1288,146196,903,1577,12,10170
"383","2021-03-30",1617076800,159149,1206,147163,967,1589,12,10397
"384","2021-03-31",1617163200,160497,1348,147846,683,1602,13,11049
"385","2021-04-01",1617249600,161751,1254,148656,810,1615,13,11480
"386","2021-04-02",1617336000,162730,979,149459,803,1629,14,11642
"387","2021-04-03",1617422400,164337,1607,150374,915,1647,18,12316
"388","2021-04-04",1617508800,166123,1786,151289,915,1662,15,13172
"389","2021-04-05",1617595200,167548,1425,152201,912,1678,16,13669
"390","2021-04-06",1617681600,169074,1526,153063,862,1693,15,14318
"391","2021-04-07",1617768000,170189,1115,154023,960,1705,12,14461
"392","2021-04-08",1617854400,171373,1184,154831,808,1720,15,14822
"393","2021-04-09",1617940800,172461,1088,155662,831,1739,19,15060
"394","2021-04-10",1618027200,173786,1325,156472,810,1759,20,15555
"395","2021-04-11",1618113600,174887,1101,157486,1014,1778,19,15623
"396","2021-04-12",1618200000,175812,925,158399,913,1795,17,15618
"397","2021-04-13",1618286400,176972,1160,159547,1148,1815,20,15610
"398","2021-04-14",1618372800,178094,1122,160620,1073,1834,19,15640
"399","2021-04-15",1618459200,179365,1271,161820,1200,1853,19,15692
"400","2021-04-16",1618545600,180609,1244,162936,1116,1870,17,15803
"401","2021-04-17",1618632000,181903,1294,164530,1594,1888,18,15485
"402","2021-04-18",1618718400,183190,1287,165959,1429,1905,17,15326
"403","2021-04-19",1618804800,184595,1405,166826,867,1925,20,15844
"404","2021-04-20",1618891200,185736,1141,168418,1592,1944,19,15374
"405","2021-04-21",1618977600,186745,1009,169685,1267,1965,21,15095
"406","2021-04-22",1619064000,188063,1318,171043,1358,1987,22,15033
"407","2021-04-23",1619150400,189381,1318,172035,992,2009,22,15337
"408","2021-04-24",1619236800,190523,1142,173097,1062,2028,19,15398
"409","2021-04-25",1619323200,191518,995,174270,1173,2047,19,15201
"410","2021-04-26",1619409600,192498,980,175242,972,2065,18,15191
"411","2021-04-27",1619496000,193721,1223,176058,816,2082,17,15581
"412","2021-04-28",1619582400,194959,1238,177082,1024,2099,17,15778
"413","2021-04-29",1619668800,196386,1427,178072,990,2117,18,16197
"414","2021-04-30",1619755200,197683,1297,179200,1128,2136,19,16347
"415","2021-05-01",1619841600,198865,1182,180301,1101,2155,19,16409
"416","2021-05-02",1619928000,200067,1202,181449,1148,2172,17,16446
"417","2021-05-03",1620014400,200931,864,182757,1308,2189,17,15985
"418","2021-05-04",1620100800,201807,876,184161,1404,2208,19,15438
"419","2021-05-05",1620187200,202758,951,185312,1151,2226,18,15220
"420","2021-05-06",1620273600,204057,1299,186388,1076,2244,18,15425
"421","2021-05-07",1620360000,205181,1124,187665,1277,2263,19,15253
"422","2021-05-08",1620446400,206549,1368,188947,1282,2280,17,15322
"423","2021-05-09",1620532800,207870,1321,190768,1821,2291,11,14811
"424","2021-05-10",1620619200,209162,1292,192075,1307,2304,13,14783
"425","2021-05-11",1620705600,210116,954,193089,1014,2320,16,14707
"426","2021-05-12",1620792000,210948,832,194166,1077,2337,17,14445
"427","2021-05-13",1620878400,211838,890,195380,1214,2352,15,14106
"428","2021-05-14",1620964800,212998,1160,196759,1379,2366,14,13873
"429","2021-05-15",1621051200,214231,1233,198033,1274,2382,16,13816
"430","2021-05-16",1621137600,215301,1070,199202,1169,2396,14,13703
"431","2021-05-17",1621224000,216415,1114,200381,1179,2411,15,13623
"432","2021-05-18",1621310400,217603,1188,201646,1265,2428,17,13529
"433","2021-05-19",1621396800,218814,1211,202625,979,2446,18,13743
"434","2021-05-20",1621483200,219864,1050,203523,898,2465,19,13876
"435","2021-05-21",1621569600,221042,1178,204615,1092,2483,18,13944
"436","2021-05-22",1621656000,222052,1010,205575,960,2499,16,13978
"437","2021-05-23",1621742400,223345,1293,206921,1346,2513,14,13911
"438","2021-05-24",1621828800,224819,1474,208218,1297,2528,15,14073
"439","2021-05-25",1621915200,226136,1317,209495,1277,2544,16,14097
"440","2021-05-26",1622001600,227407,1271,210435,940,2559,15,14413
"441","2021-05-27",1622088000,228828,1421,211288,853,2576,17,14964
"442","2021-05-28",1622174400,230147,1319,212199,911,2595,19,15353
"443","2021-05-29",1622260800,231443,1296,213365,1166,2615,20,15463
"444","2021-05-30",1622347200,232800,1357,214590,1225,2629,14,15581
"445","2021-05-31",1622433600,234165,1365,215640,1050,2646,17,15879
"446","2021-06-01",1622520000,235567,1402,216746,1106,2661,15,16160
"447","2021-06-02",1622606400,236755,1188,217798,1052,2674,13,16283
"448","2021-06-03",1622692800,238013,1258,218956,1158,2689,15,16368
"449","2021-06-04",1622779200,239252,1239,219971,1015,2698,9,16583
"450","2021-06-05",1622865600,240714,1462,221108,1137,2708,10,16898
"451","2021-06-06",1622952000,242138,1424,222531,1423,2719,11,16888
"452","2021-06-07",1623038400,243621,1483,223788,1257,2734,15,17099
"453","2021-06-08",1623124800,245300,1679,225266,1478,2750,16,17284
"454","2021-06-09",1623211200,246764,1464,226548,1282,2764,14,17452
"455","2021-06-10",1623297600,247847,1083,227699,1151,2781,17,17367
"456","2021-06-11",1623384000,248820,973,228998,1299,2797,16,17025
"457","2021-06-12",1623470400,250309,1489,230248,1250,2814,17,17247
"458","2021-06-13",1623556800,251686,1377,231558,1310,2829,15,17299
"459","2021-06-14",1623643200,252883,1197,233028,1470,2845,16,17010
"460","2021-06-15",1623729600,254116,1233,234393,1365,2865,20,16858
"461","2021-06-16",1623816000,255457,1341,235795,1402,2886,21,16776
"462","2021-06-17",1623902400,256862,1405,236983,1188,2906,20,16973
"463","2021-06-18",1623988800,258140,1278,238241,1258,2925,19,16974
"464","2021-06-19",1624075200,259413,1273,239480,1239,2943,18,16990
"465","2021-06-20",1624161600,260740,1327,240933,1453,2958,15,16849
"466","2021-06-21",1624248000,262038,1298,242357,1424,2973,15,16708
"467","2021-06-22",1624334400,263372,1334,243840,1483,2989,16,16543
"468","2021-06-23",1624420800,264551,1179,245519,1679,3007,18,16025
"469","2021-06-24",1624507200,265642,1091,246983,1464,3023,16,15636
"470","2021-06-25",1624593600,266952,1310,248066,1083,3038,15,15848
"471","2021-06-26",1624680000,268349,1397,249039,973,3055,17,16255
"472","2021-06-27",1624766400,269635,1286,250528,1489,3068,13,16039
"473","2021-06-28",1624852800,270654,1019,251587,1059,3084,16,15983
"474","2021-06-29",1624939200,271679,1025,252784,1197,3101,17,15794
"475","2021-06-30",1625025600,272712,1033,253946,1162,3119,18,15647
"476","2021-07-01",1625112000,274024,1312,255256,1310,3136,17,15632
"477","2021-07-02",1625198400,275205,1181,256481,1225,3154,18,15570
"478","2021-07-03",1625284800,276395,1190,257720,1239,3173,19,15502
"479","2021-07-04",1625371200,277635,1240,258954,1234,3190,17,15491
"480","2021-07-05",1625457600,278665,1030,260224,1270,3209,19,15232
"481","2021-07-06",1625544000,279813,1148,261411,1187,3222,13,15180
"482","2021-07-07",1625630400,280980,1167,262677,1266,3239,17,15064
"483","2021-07-08",1625716800,281907,927,263830,1153,3253,14,14824
"484","2021-07-09",1625803200,282940,1033,264921,1091,3264,11,14755
"485","2021-07-10",1625889600,283742,802,266231,1310,3278,14,14233
"486","2021-07-11",1625976000,284942,1200,267628,1397,3290,12,14024
"487","2021-07-12",1626062400,285910,968,268872,1244,3302,12,13736
"488","2021-07-13",1626148800,286990,1080,269971,1099,3315,13,13704
"489","2021-07-14",1626235200,288099,1109,270996,1025,3327,12,13776
"490","2021-07-15",1626321600,289362,1263,272029,1033,3339,12,13994
"491","2021-07-16",1626408000,290524,1162,273341,1312,3350,11,13833
"492","2021-07-17",1626494400,291716,1192,274522,1181,3362,12,13832
"493","2021-07-18",1626580800,292779,1063,275712,1190,3377,15,13690
"494","2021-07-19",1626667200,293866,1087,276952,1240,3392,15,13522
"495","2021-07-20",1626753600,294727,861,278117,1165,3408,16,13202
"496","2021-07-21",1626840000,295746,1019,279177,1060,3426,18,13143
"497","2021-07-22",1626926400,296863,1117,280269,1092,3443,17,13151
"498","2021-07-23",1627012800,297782,919,281194,925,3458,15,13130
"499","2021-07-24",1627099200,298804,1022,282201,1007,3475,17,13128
"500","2021-07-25",1627185600,299822,1018,283215,1014,3492,17,13115
"501","2021-07-26",1627272000,300919,1097,284435,1220,3509,17,12975
"502","2021-07-27",1627358400,301979,1060,285776,1341,3524,15,12679
"503","2021-07-28",1627444800,302988,1009,286795,1019,3542,18,12651
"504","2021-07-29",1627531200,303797,809,287720,925,3558,16,12519
"505","2021-07-30",1627617600,304726,929,288864,1144,3576,18,12286
"506","2021-07-31",1627704000,305766,1040,290181,1317,3591,15,11994
"507","2021-08-01",1627790400,306673,907,291556,1375,3607,16,11510
"508","2021-08-02",1627876800,307570,897,292567,1011,3623,16,11380
"509","2021-08-03",1627963200,308452,882,293672,1105,3637,14,11143
"510","2021-08-04",1628049600,309218,766,294607,935,3649,12,10962
"511","2021-08-05",1628136000,309981,763,295588,981,3666,17,10727
"512","2021-08-06",1628222400,310960,979,296599,1011,3682,16,10679
"513","2021-08-07",1628308800,312115,1155,297536,937,3694,12,10885
"514","2021-08-08",1628395200,312931,816,298548,1012,3705,11,10678
"515","2021-08-09",1628481600,313584,653,299610,1062,3719,14,10255
"516","2021-08-10",1628568000,314480,896,300606,996,3733,14,10141
"517","2021-08-11",1628654400,315498,1018,301601,995,3748,15,10149
"518","2021-08-12",1628740800,316449,951,302556,955,3764,16,10129
"519","2021-08-13",1628827200,317334,885,303458,902,3781,17,10095
"520","2021-08-14",1628913600,318185,851,304333,875,3789,8,10063
"521","2021-08-15",1629000000,319094,909,305397,1064,3799,10,9898
"522","2021-08-16",1629086400,319955,861,306275,878,3815,16,9865
"523","2021-08-17",1629172800,320922,967,307261,986,3830,15,9831
"524","2021-08-18",1629259200,321927,1005,308063,802,3844,14,10020
"525","2021-08-19",1629345600,322757,830,308900,837,3859,15,9998
"526","2021-08-20",1629432000,323526,769,309630,730,3871,12,10025
"527","2021-08-21",1629518400,324642,1116,310660,1030,3886,15,10096
"528","2021-08-22",1629604800,325716,1074,311746,1086,3895,9,10075
"529","2021-08-23",1629691200,326522,806,312569,823,3909,14,10044
"530","2021-08-24",1629777600,327450,928,313373,804,3924,15,10153
"531","2021-08-25",1629864000,328550,1100,314367,994,3940,16,10243
"532","2021-08-26",1629950400,329736,1186,315385,1018,3955,15,10396
"533","2021-08-27",1630036800,331112,1376,316405,1020,3970,15,10737
"534","2021-08-28",1630123200,332172,1060,317336,931,3986,16,10850
"535","2021-08-29",1630209600,333125,953,318211,875,3998,12,10916
"536","2021-08-30",1630296000,334343,1218,319010,799,4010,12,11323
"537","2021-08-31",1630382400,335233,890,319750,740,4026,16,11457
"538","2021-09-01",1630468800,336088,855,320400,650,4039,13,11649
"539","2021-09-02",1630555200,337359,1271,321264,864,4056,17,12039
"540","2021-09-03",1630641600,338300,941,322162,898,4072,16,12066
"541","2021-09-04",1630728000,339255,955,323360,1198,4086,14,11809
"542","2021-09-05",1630814400,340187,932,324346,986,4098,12,11743
"543","2021-09-06",1630900800,341314,1127,325336,990,4115,17,11863
"544","2021-09-07",1630987200,342148,834,326187,851,4133,18,11828
"545","2021-09-08",1631073600,343178,1030,327150,963,4151,18,11877
"546","2021-09-09",1631160000,344297,1119,328262,1112,4167,16,11868
"547","2021-09-10",1631246400,345560,1263,329335,1073,4179,12,12046
"548","2021-09-11",1631332800,346755,1195,330675,1340,4192,13,11888
"549","2021-09-12",1631419200,347647,892,331727,1052,4203,11,11717
"550","2021-09-13",1631505600,348873,1226,332808,1081,4214,11,11851
"551","2021-09-14",1631592000,349731,858,333998,1190,4228,14,11505
"552","2021-09-15",1631678400,350795,1064,334912,914,4245,17,11638
"553","2021-09-16",1631764800,352055,1260,336034,1122,4261,16,11760
"554","2021-09-17",1631851200,353401,1346,337230,1196,4275,14,11896
"555","2021-09-18",1631937600,354239,838,338231,1001,4291,16,11717
"556","2021-09-19",1632024000,355061,822,339081,850,4301,10,11679
"557","2021-09-20",1632110400,356262,1201,340022,941,4311,10,11929
"558","2021-09-21",1632196800,357322,1060,341099,1077,4329,18,11894
"559","2021-09-22",1632283200,358462,1140,342033,934,4346,17,12083
"560","2021-09-23",1632369600,359633,1171,343068,1035,4363,17,12202
"561","2021-09-24",1632456000,360849,1216,344210,1142,4379,16,12260
"562","2021-09-25",1632542400,362040,1191,345477,1267,4395,16,12168
"563","2021-09-26",1632628800,363300,1260,346603,1126,4412,17,12285
"564","2021-09-27",1632715200,364758,1458,347693,1090,4427,15,12638
"565","2021-09-28",1632801600,366150,1392,348895,1202,4443,16,12812
"566","2021-09-29",1632888000,367672,1522,349967,1072,4454,11,13251
"567","2021-09-30",1632974400,368968,1296,351141,1174,4469,15,13358
"568","2021-10-01",1633060800,370368,1400,352308,1167,4483,14,13577
"569","2021-10-02",1633147200,372006,1638,353592,1284,4495,12,13919
"570","2021-10-03",1633233600,373332,1326,354820,1228,4510,15,14002
"571","2021-10-04",1633320000,374859,1527,356067,1247,4526,16,14266
"572","2021-10-05",1633406400,376311,1452,357339,1272,4539,13,14433
"573","2021-10-06",1633492800,377833,1522,358578,1239,4558,19,14697
"574","2021-10-07",1633579200,379352,1519,359735,1157,4576,18,15041
"575","2021-10-08",1633665600,380856,1504,360847,1112,4592,16,15417
"576","2021-10-09",1633752000,382266,1410,362006,1159,4606,14,15654
"577","2021-10-10",1633838400,383376,1110,363122,1116,4617,11,15637
"578","2021-10-11",1633924800,384668,1292,364455,1333,4634,17,15579
"579","2021-10-12",1634011200,385952,1284,365941,1486,4652,18,15359
"580","2021-10-13",1634097600,387393,1441,367450,1509,4667,15,15276
"581","2021-10-14",1634184000,388743,1350,368854,1404,4681,14,15208
"582","2021-10-15",1634270400,390045,1302,370086,1232,4693,12,15266
"583","2021-10-16",1634356800,391413,1368,371501,1415,4707,14,15205
"584","2021-10-17",1634443200,392762,1349,372863,1362,4719,12,15180
"585","2021-10-18",1634529600,394061,1299,374166,1303,4734,15,15161
"586","2021-10-19",1634616000,395223,1162,375597,1431,4748,14,14878
"587","2021-10-20",1634702400,396477,1254,376877,1280,4763,15,14837
"588","2021-10-21",1634788800,397370,893,378087,1210,4775,12,14508
"589","2021-10-22",1634875200,398611,1241,379403,1316,4790,15,14418
"590","2021-10-23",1634961600,399667,1056,380721,1318,4800,10,14146
"591","2021-10-24",1635048000,400511,844,382004,1283,4810,10,13697
"592","2021-10-25",1635134400,401259,748,383113,1109,4822,12,13324
"593","2021-10-26",1635220800,402407,1148,384305,1192,4836,14,13266
"594","2021-10-27",1635307200,403318,911,385614,1309,4848,12,12856
"595","2021-10-28",1635393600,404387,1069,386910,1296,4860,12,12617
"596","2021-10-29",1635480000,405445,1058,387988,1078,4874,14,12583
"597","2021-10-30",1635566400,406239,794,389338,1350,4884,10,12017
"598","2021-10-31",1635652800,407151,912,390657,1319,4891,7,11603
"599","2021-11-01",1635739200,407866,715,391840,1183,4902,11,11124
"600","2021-11-02",1635825600,408727,861,393040,1200,4915,13,10772
"601","2021-11-03",1635912000,409695,968,394227,1187,4925,10,10543
"602","2021-11-04",1635998400,410648,953,395240,1013,4936,11,10472
"603","2021-11-05",1636084800,411574,926,396461,1221,4946,10,10167
"604","2021-11-06",1636171200,412472,898,397472,1011,4955,9,10045
"605","2021-11-07",1636257600,413135,663,398635,1163,4965,10,9535
"606","2021-11-08",1636344000,414220,1085,399768,1133,4976,11,9476
"607","2021-11-09",1636430400,415200,980,400860,1092,4985,9,9355
"608","2021-11-10",1636516800,416190,990,401862,1002,4996,11,9332
"609","2021-11-11",1636603200,417120,930,402954,1092,5005,9,9161
"610","2021-11-12",1636689600,417998,878,403896,942,5010,5,9092
"611","2021-11-13",1636776000,418900,902,404871,975,5019,9,9010
"612","2021-11-14",1636862400,419745,845,405840,969,5026,7,8879
"613","2021-11-15",1636948800,420500,755,406666,826,5034,8,8800
"614","2021-11-16",1637035200,421311,811,407509,843,5040,6,8762
"615","2021-11-17",1637121600,422229,918,408455,946,5049,9,8725
"616","2021-11-18",1637208000,422915,686,409205,750,5057,8,8653
"617","2021-11-19",1637294400,423633,718,409990,785,5066,9,8577
"618","2021-11-20",1637380800,424441,808,410952,962,5073,7,8416
"619","2021-11-21",1637467200,425213,772,411854,902,5079,6,8280
"620","2021-11-22",1637553600,426014,801,412440,586,5088,9,8486
"621","2021-11-23",1637640000,426799,785,413380,940,5097,9,8322
"622","2021-11-24",1637726400,427418,619,414247,867,5104,7,8067
"623","2021-11-25",1637812800,428453,1035,415284,1037,5115,11,8054
"624","2021-11-26",1637899200,429360,907,416233,949,5124,9,8003
"625","2021-11-27",1637985600,430046,686,417137,904,5131,7,7778
"626","2021-11-28",1638072000,430696,650,417831,694,5138,7,7727
"627","2021-11-29",1638158400,431296,600,418472,641,5144,6,7680
"628","2021-11-30",1638244800,431945,649,419131,659,5155,11,7659
"629","2021-12-01",1638331200,432514,569,419724,593,5161,6,7629
"630","2021-12-02",1638417600,433208,694,420436,712,5170,9,7602
"631","2021-12-03",1638504000,433660,452,420987,551,5177,7,7496
"632","2021-12-04",1638590400,434133,473,421495,508,5186,9,7452
"633","2021-12-05",1638676800,434918,785,422289,794,5193,7,7436
"634","2021-12-06",1638763200,435461,543,422849,560,5202,9,7410
"635","2021-12-07",1638849600,435825,364,423293,444,5208,6,7324
"636","2021-12-08",1638936000,436178,353,423686,393,5216,8,7276
"637","2021-12-09",1639022400,436602,424,424183,497,5223,7,7196
"638","2021-12-10",1639108800,437113,511,424783,600,5229,6,7101
"639","2021-12-11",1639195200,437887,774,425573,790,5234,5,7080
"640","2021-12-12",1639281600,438683,796,426476,903,5239,5,6968
"641","2021-12-13",1639368000,439089,406,427108,632,5245,6,6736
"642","2021-12-14",1639454400,439444,355,427472,364,5250,5,6722
"643","2021-12-15",1639540800,439935,491,428133,661,5258,8,6544
"644","2021-12-16",1639627200,440398,463,428645,512,5265,7,6488
"645","2021-12-17",1639713600,440784,386,429050,405,5272,7,6462
"646","2021-12-18",1639800000,441228,444,429523,473,5278,6,6427
"647","2021-12-19",1639886400,441562,334,429949,426,5285,7,6328
"648","2021-12-20",1639972800,441937,375,430351,402,5291,6,6295
"649","2021-12-21",1640059200,442178,241,430691,340,5299,8,6188
"650","2021-12-22",1640145600,442431,253,430963,272,5306,7,6162
"651","2021-12-23",1640232000,442757,326,431291,328,5310,4,6156
"652","2021-12-24",1640318400,442999,242,431541,250,5312,2,6146
"653","2021-12-25",1640404800,443167,168,431741,200,5313,1,6113
"654","2021-12-26",1640491200,443332,165,431948,207,5314,1,6070
"655","2021-12-27",1640577600,443612,280,432297,349,5316,2,5999
"656","2021-12-28",1640664000,443983,371,432763,466,5319,3,5901
"657","2021-12-29",1640750400,444186,203,433208,445,5321,2,5657
"658","2021-12-30",1640836800,444411,225,433621,413,5324,3,5466
"659","2021-12-31",1640923200,444635,224,434078,457,5328,4,5229
"660","2022-01-01",1641009600,444828,193,434516,438,5331,3,4981
"661","2022-01-02",1641096000,444972,144,434897,381,5333,2,4742
"662","2022-01-03",1641182400,445082,110,435097,200,5335,2,4650
"663","2022-01-04",1641268800,445369,287,435281,184,5337,2,4751
"664","2022-01-05",1641355200,445680,311,435507,226,5341,4,4832
"665","2022-01-06",1641441600,446026,346,435794,287,5345,4,4887
"666","2022-01-07",1641528000,446427,401,436111,317,5348,3,4968
"667","2022-01-08",1641614400,446841,414,436508,397,5352,4,4981
"668","2022-01-09",1641700800,447288,447,436764,256,5357,5,5167
"669","2022-01-10",1641787200,447865,577,437084,320,5361,4,5420
"670","2022-01-11",1641873600,448463,598,437335,251,5366,5,5762
"671","2022-01-12",1641960000,449730,1267,437624,289,5370,4,6736
"672","2022-01-13",1642046400,450892,1162,437891,267,5373,3,7628
"673","2022-01-14",1642132800,452430,1538,438119,228,5376,3,8935
"674","2022-01-15",1642219200,453974,1544,438341,222,5378,2,10255
"675","2022-01-16",1642305600,455023,1049,438541,200,5380,2,11102
"676","2022-01-17",1642392000,456641,1618,438722,181,5383,3,12536
"677","2022-01-18",1642478400,458731,2090,439641,919,5387,4,13703
"678","2022-01-19",1642564800,461059,2328,441156,1515,5392,5,14511
"679","2022-01-20",1642651200,463145,2086,442217,1061,5395,3,15533
"680","2022-01-21",1642737600,465463,2318,443930,1713,5399,4,16134
"681","2022-01-22",1642824000,467864,2401,445846,1916,5402,3,16616
"682","2022-01-23",1642910400,469566,1702,447171,1325,5405,3,16990
"683","2022-01-24",1642996800,471389,1823,448969,1798,5410,5,17010
"684","2022-01-25",1643083200,473125,1736,450670,1701,5414,4,17041
"685","2022-01-26",1643169600,475135,2010,452613,1943,5419,5,17103
"686","2022-01-27",1643256000,477022,1887,454418,1805,5425,6,17179
"687","2022-01-28",1643342400,479011,1989,456386,1968,5430,5,17195
"688","2022-01-29",1643428800,481375,2364,459467,3081,5436,6,16472
"689","2022-01-30",1643515200,484021,2646,461972,2505,5440,4,16609
"690","2022-01-31",1643601600,485974,1953,463648,1676,5447,7,16879
"691","2022-02-01",1643688000,487775,1801,464939,1291,5454,7,17382
"692","2022-02-02",1643774400,489305,1530,466618,1679,5462,8,17225
"693","2022-02-03",1643860800,491016,1711,468534,1916,5469,7,17013
"694","2022-02-04",1643947200,492678,1662,470361,1827,5474,5,16843
"695","2022-02-05",1644033600,494835,2157,472220,1859,5481,7,17134
"696","2022-02-06",1644120000,496283,1448,474087,1867,5487,6,16709
"697","2022-02-07",1644206400,497977,1694,476285,2198,5495,8,16197
"698","2022-02-08",1644292800,499537,1560,477765,1480,5504,9,16268
"699","2022-02-09",1644379200,500545,1008,479721,1956,5511,7,15313
"700","2022-02-10",1644465600,501586,1041,481565,1844,5521,10,14500
"701","2022-02-11",1644552000,503162,1576,483136,1571,5529,8,14497
"702","2022-02-12",1644638400,504719,1557,484843,1707,5538,9,14338
"703","2022-02-13",1644724800,505947,1228,486500,1657,5549,11,13898
"704","2022-02-14",1644811200,506977,1030,488063,1563,5556,7,13358
"705","2022-02-15",1644897600,508042,1065,489438,1375,5564,8,13040
"706","2022-02-16",1644984000,508968,926,490641,1203,5572,8,12755
"707","2022-02-17",1645070400,509600,632,491965,1324,5582,10,12053
"708","2022-02-18",1645156800,509947,347,492902,937,5591,9,11454
"709","2022-02-19",1645243200,510553,606,493939,1037,5602,11,11012
"710","2022-02-20",1645329600,511073,520,494929,990,5609,7,10535
"711","2022-02-21",1645416000,511774,701,495739,810,5618,9,10417
"712","2022-02-22",1645502400,512169,395,497278,1539,5621,3,9270
"713","2022-02-23",1645588800,512560,391,498357,1079,5624,3,8579
"714","2022-02-24",1645675200,512947,387,499531,1174,5625,1,7791
"715","2022-02-25",1645761600,513427,480,500530,999,5628,3,7269
"716","2022-02-26",1645848000,514315,888,501306,776,5631,3,7378
"717","2022-02-27",1645934400,514795,480,502418,1112,5633,2,6744
"718","2022-02-28",1646020800,515124,329,503133,715,5636,3,6355
"719","2022-03-01",1646107200,515582,458,503701,568,5639,3,6242
"720","2022-03-02",1646193600,515762,180,504117,416,5641,2,6004
"721","2022-03-03",1646280000,515943,181,504626,509,5643,2,5674
"722","2022-03-04",1646366400,516236,293,505306,680,5645,2,5285
"723","2022-03-05",1646452800,516578,342,505807,501,5647,2,5124
"724","2022-03-06",1646539200,516817,239,506362,555,5649,2,4806
"725","2022-03-07",1646625600,516966,149,507294,932,5650,1,4022
"726","2022-03-08",1646712000,517164,198,507834,540,5652,2,3678
"727","2022-03-09",1646798400,517516,352,508216,382,5653,1,3647
"728","2022-03-10",1646884800,517720,204,508691,475,5655,2,3374
"729","2022-03-11",1646971200,517999,279,508885,194,5656,1,3458
"730","2022-03-12",1647057600,518303,304,509106,221,5657,1,3540
"731","2022-03-13",1647144000,518410,107,509378,272,5658,1,3374
"732","2022-03-14",1647230400,518460,50,509750,372,5659,1,3051
"733","2022-03-15",1647316800,518750,290,510005,255,5661,2,3084
"734","2022-03-16",1647403200,519059,309,510178,173,5663,2,3218
"735","2022-03-17",1647489600,519245,186,510385,207,5664,1,3196
"736","2022-03-18",1647576000,519420,175,510790,405,5666,2,2964
"737","2022-03-19",1647662400,519558,138,510974,184,5667,1,2917
"738","2022-03-20",1647748800,519670,112,511273,299,5668,1,2729
"739","2022-03-21",1647835200,519724,54,511596,323,5670,2,2458
"740","2022-03-22",1647921600,519797,73,511741,145,5671,1,2385
"741","2022-03-23",1648008000,519872,75,511803,62,5673,2,2396
"742","2022-03-24",1648094400,519943,71,512090,287,5674,1,2179
"743","2022-03-25",1648180800,520038,95,512372,282,5676,2,1990
"744","2022-03-26",1648267200,520077,39,512537,165,5677,1,1863
"745","2022-03-27",1648353600,520113,36,512734,197,5679,2,1700
"746","2022-03-28",1648440000,520169,56,512923,189,5680,1,1566
"747","2022-03-29",1648526400,520304,135,513073,150,5681,1,1550
"748","2022-03-30",1648612800,520373,69,513186,113,5682,1,1505
"749","2022-03-31",1648699200,520497,124,513239,53,5683,1,1575
"750","2022-04-01",1648785600,520627,130,513334,95,5684,1,1609
"751","2022-04-02",1648872000,520708,81,513432,98,5685,1,1591
"752","2022-04-03",1648958400,520843,135,513516,84,5686,1,1641
"753","2022-04-04",1649044800,520905,62,513621,105,5687,1,1597
"754","2022-04-05",1649131200,521030,125,513671,50,5688,1,1671
"755","2022-04-06",1649217600,521105,75,513708,37,5689,1,1708
"756","2022-04-07",1649304000,521186,81,513762,54,5691,2,1733
"757","2022-04-08",1649390400,521325,139,513890,128,5692,1,1743
"758","2022-04-09",1649476800,521373,48,513964,74,5693,1,1716
"759","2022-04-10",1649563200,521471,98,514082,118,5695,2,1694
"760","2022-04-11",1649649600,521546,75,514206,124,5696,1,1644
"761","2022-04-12",1649736000,521618,72,514288,82,5697,1,1633
"762","2022-04-13",1649822400,521714,96,514413,125,5698,1,1603
"763","2022-04-14",1649908800,521880,166,514477,64,5699,1,1704
"764","2022-04-15",1649995200,521946,66,514608,131,5700,1,1638
"765","2022-04-16",1650081600,522034,88,514685,77,5701,1,1648
"766","2022-04-17",1650168000,522042,8,514772,87,5701,0,1569
"767","2022-04-18",1650254400,522049,7,514911,139,5702,1,1436
"768","2022-04-19",1650340800,522055,6,514962,51,5703,1,1390
"769","2022-04-20",1650427200,522056,1,515060,98,5704,1,1292
"770","2022-04-21",1650513600,522070,14,515135,75,5705,1,1230
"771","2022-04-22",1650600000,522088,18,515212,77,5705,0,1171
"772","2022-04-23",1650686400,522121,33,515305,93,5705,0,1111
"773","2022-04-24",1650772800,522176,55,515463,158,5706,1,1007
"774","2022-04-25",1650859200,522234,58,515537,74,5706,0,991
"775","2022-04-26",1650945600,522243,9,515621,84,5706,0,916
"776","2022-04-27",1651032000,522263,20,515639,18,5706,0,918
"777","2022-04-28",1651118400,522271,8,515653,14,5707,1,911
"778","2022-04-29",1651204800,522305,34,515666,13,5708,1,931
"779","2022-04-30",1651291200,522325,20,515675,9,5709,1,941
"780","2022-05-01",1651377600,522434,109,515703,28,5709,0,1022
"781","2022-05-02",1651464000,522514,80,515728,25,5709,0,1077
"782","2022-05-03",1651550400,522550,36,515769,41,5709,0,1072
"783","2022-05-04",1651636800,522564,14,515819,50,5709,0,1036
"784","2022-05-05",1651723200,522587,23,515871,52,5709,0,1007
"785","2022-05-06",1651809600,522625,38,515880,9,5709,0,1036
"786","2022-05-07",1651896000,522672,47,515899,19,5709,0,1064
"787","2022-05-08",1651982400,522749,77,515907,8,5709,0,1133
"788","2022-05-09",1652068800,522764,15,515939,32,5709,0,1116
"789","2022-05-10",1652155200,522800,36,515960,21,5709,0,1131
"790","2022-05-11",1652241600,522840,40,516065,105,5710,1,1065
"791","2022-05-12",1652328000,522890,50,516098,33,5710,0,1082
"792","2022-05-13",1652414400,522921,31,516170,72,5711,1,1040
"793","2022-05-14",1652500800,522976,55,516210,40,5711,0,1055
"794","2022-05-15",1652587200,523020,44,516225,15,5712,1,1083
"795","2022-05-16",1652673600,523059,39,516247,22,5712,0,1100
"796","2022-05-17",1652760000,523119,60,516284,37,5713,1,1122
"797","2022-05-18",1652846400,523149,30,516328,44,5714,1,1107
"798","2022-05-19",1652932800,523174,25,516409,81,5715,1,1050
"799","2022-05-20",1653019200,523238,64,516432,23,5716,1,1090
"800","2022-05-21",1653105600,523266,28,516468,36,5716,0,1082
"801","2022-05-22",1653192000,523343,77,516506,38,5716,0,1121
"802","2022-05-23",1653278400,523377,34,516556,50,5716,0,1105
"803","2022-05-24",1653364800,523411,34,516588,32,5717,1,1106
"804","2022-05-25",1653451200,523444,33,516644,56,5718,1,1082
"805","2022-05-26",1653537600,523491,47,516691,47,5719,1,1081
"806","2022-05-27",1653624000,523540,49,516729,38,5720,1,1091
"807","2022-05-28",1653710400,523593,53,516787,58,5720,0,1086
"808","2022-05-29",1653796800,523618,25,516819,32,5721,1,1078
"809","2022-05-30",1653883200,523625,7,516874,55,5721,0,1030
"810","2022-05-31",1653969600,523654,29,516936,62,5721,0,997
"811","2022-06-01",1654056000,523710,56,516967,31,5722,1,1021
"812","2022-06-02",1654142400,523769,59,517040,73,5722,0,1007
"813","2022-06-03",1654228800,523797,28,517075,35,5722,0,1000
"814","2022-06-04",1654315200,523833,36,517113,38,5722,0,998
"815","2022-06-05",1654401600,523901,68,517148,35,5722,0,1031
"816","2022-06-06",1654488000,523937,36,517193,45,5722,0,1022
"817","2022-06-07",1654574400,523969,32,517246,53,5722,0,1001
"818","2022-06-08",1654660800,524033,64,517298,52,5722,0,1013
"819","2022-06-09",1654747200,524085,52,517330,32,5722,0,1033
"820","2022-06-10",1654833600,524152,67,517339,9,5723,1,1090
"821","2022-06-11",1654920000,524216,64,517368,29,5723,0,1125
"822","2022-06-12",1655006400,524291,75,517421,53,5724,1,1146
"823","2022-06-13",1655092800,524321,30,517479,58,5724,0,1118
"824","2022-06-14",1655179200,524370,49,517508,29,5724,0,1138
"825","2022-06-15",1655265600,524488,118,517544,36,5724,0,1220
"826","2022-06-16",1655352000,524588,100,517608,64,5724,0,1256
"827","2022-06-17",1655438400,524718,130,517644,36,5724,0,1350
"828","2022-06-18",1655524800,524823,105,517676,32,5724,0,1423
"829","2022-06-19",1655611200,524911,88,517742,66,5724,0,1445
"830","2022-06-20",1655697600,524978,67,517795,53,5724,0,1459
"831","2022-06-21",1655784000,525105,127,517860,65,5725,1,1520
"832","2022-06-22",1655870400,525176,71,517922,62,5725,0,1529
"833","2022-06-23",1655956800,525340,164,517998,76,5725,0,1617
"834","2022-06-24",1656043200,525539,199,518029,31,5726,1,1784
"835","2022-06-25",1656129600,525716,177,518077,48,5728,2,1911
"836","2022-06-26",1656216000,525782,66,518191,114,5729,1,1862
"837","2022-06-27",1656302400,525827,45,518287,96,5730,1,1810
"838","2022-06-28",1656388800,525929,102,518410,123,5730,0,1789
"839","2022-06-29",1656475200,526022,93,518513,103,5732,2,1777
"840","2022-06-30",1656561600,526214,192,518601,88,5733,1,1880
"841","2022-07-01",1656648000,526454,240,518663,62,5734,1,2057
"842","2022-07-02",1656734400,526688,234,518780,117,5735,1,2173
"843","2022-07-03",1656820800,526992,304,518854,74,5735,0,2403
"844","2022-07-04",1656907200,527074,82,519013,159,5735,0,2326
"845","2022-07-05",1656993600,527241,167,519206,193,5737,2,2298
"846","2022-07-06",1657080000,527347,106,519376,170,5738,1,2233
"847","2022-07-07",1657166400,527593,246,519447,71,5739,1,2407
"848","2022-07-08",1657252800,527789,196,519497,50,5739,0,2553
"849","2022-07-09",1657339200,527964,175,519604,107,5740,1,2620
"850","2022-07-10",1657425600,528292,328,519696,92,5741,1,2855
"851","2022-07-11",1657512000,528429,137,519882,186,5741,0,2806
"852","2022-07-12",1657598400,528566,137,520124,242,5741,0,2701
"853","2022-07-13",1657684800,528785,219,520353,229,5742,1,2690
"854","2022-07-14",1657771200,528994,209,520663,310,5743,1,2588
"855","2022-07-15",1657857600,529384,390,520749,86,5745,2,2890
"856","2022-07-16",1657944000,529730,346,520927,178,5747,2,3056
"857","2022-07-17",1658030400,530402,672,521043,116,5748,1,3611
"858","2022-07-18",1658116800,530649,247,521308,265,5748,0,3593
"859","2022-07-19",1658203200,530975,326,521528,220,5750,2,3697
"860","2022-07-20",1658289600,531094,119,521726,198,5753,3,3615
"861","2022-07-21",1658376000,531657,563,522054,328,5753,0,3850
"862","2022-07-22",1658462400,531963,306,522191,137,5755,2,4017
"863","2022-07-23",1658548800,532476,513,522328,137,5756,1,4392
"864","2022-07-24",1658635200,532902,426,522547,219,5757,1,4598
"865","2022-07-25",1658721600,533195,293,522756,209,5757,0,4682
"866","2022-07-26",1658808000,533379,184,523146,390,5757,0,4476
"867","2022-07-27",1658894400,534014,635,523492,346,5757,0,4765
"868","2022-07-28",1658980800,534451,437,524164,672,5759,2,4528
"869","2022-07-29",1659067200,534906,455,524411,247,5761,2,4734
"870","2022-07-30",1659153600,535277,371,524737,326,5762,1,4778
"871","2022-07-31",1659240000,535836,559,524856,119,5763,1,5217
"872","2022-08-01",1659326400,536086,250,525419,563,5763,0,4904
